Country,Year,Arrivals,,,,,,,,,,,,,,,,
Singapore,2025,4401890,,,,,,,,,,,,,,,,
Singapore,2024,9099727,,,,,,,,,,,,,,,,
Singapore,2023,8308230,,,,,,,,,,,,,,,,
Singapore,2022,5222991,,,,,Singapore,"4,401,890","9,099,727","8,308,230","5,222,991","16,308","1,545,255","10,163,882","10,615,986","12,441,713","13,272,961","12,930,754"
Singapore,2021,16308,,,,, Indonesia,"1,933,010","3,651,668","3,108,165","1,481,739","11,025","711,723","3,623,277","3,277,689","2,796,570","3,049,964","2,788,033"
Singapore,2020,1545255,,,,, China,"1,852,505","3,287,362","1,474,114","211,363","7,701","405,149","3,114,257","2,944,133","2,281,666","2,124,942","1,677,163"
Singapore,2019,10163882,,,,, Thailand,"875,190","1,639,211","1,551,282","715,528","59,607","394,413","1,884,306","1,914,692","1,836,522","1,780,800","1,343,569"
Singapore,2018,10615986,,,,, India,"638,456","1,133,331","671,846","324,548","3,916","155,883","735,309","600,311","552,739","638,578","722,141"
Singapore,2017,12441713,,,,, Brunei,"490,197","1,142,134","811,833","301,757",773,"136,020","1,216,123","1,382,031","1,660,506","1,391,016","1,133,555"
Singapore,2016,13272961,,,,, South Korea,"230,503","475,815","400,853","146,384","3,028","119,750","673,065","616,783","484,528","444,439","421,161"
Singapore,2015,12930754,,,,, Philippines,"196,921","400,912","339,282","159,442","2,317","66,051","421,908","396,062","370,559","417,446","554,917"
Indonesia,2025,1933010,,,,, Taiwan,"196,724","385,415","283,380","48,132",563,"60,090","382,916","383,922","332,927","300,861","283,224"
Indonesia,2024,3651668,,,,, Australia,"196,458","382,628","343,438","152,265","1,321","72,680","368,271","351,500","351,232","377,727","486,948"
Indonesia,2023,3108165,,,,, United Kingdom,"188,542","345,438","272,297","134,667","2,676","63,868","346,485","361,335","358,818","400,269","401,019"
Indonesia,2022,1481739,,,,, Japan,"154,002","307,883","229,892","83,309","3,114","74,383","424,694","394,540","392,777","413,768","483,569"
Indonesia,2021,11025,,,,, Vietnam,"146,139","330,189","344,361","173,763",583,"64,184","400,346","375,578","248,927","216,877","229,926"
Indonesia,2020,711723,,,,, United States,"144,979","271,809","229,476","108,141","2,030","48,810","269,928","253,384","198,203","217,075","237,768"
Indonesia,2019,3623277,,,,, Bangladesh,"135,310","143,919","142,748","59,033","1,509","17,634","179,000","150,053","111,836","114,607","147,152"
Indonesia,2018,3277689,,,,, France,"93,676","160,637","115,145","55,087",843,"28,237","141,661","139,408","131,668","134,257","151,474"
Indonesia,2017,2796570,,,,, Germany,"89,890","155,848","125,987","57,780",824,"27,458","130,221","128,895","109,816","130,276","144,910"
Indonesia,2016,3049964,,,,, Myanmar,"75,219","114,551","86,298","36,765",377,"9,745","46,257","38,513","42,314","49,175","66,553"
Indonesia,2015,2788033,,,,, Russia,"68,118","112,806","109,689","33,003",399,"28,694","79,984","72,785","67,564","50,893","55,263"
China,2025,1852505,,,,, Pakistan,"61,015","102,570","107,657","60,535","2,043","17,777","105,757","74,458","53,453","58,388","69,112"
China,2024,3287362,,,,, Canada,"49,006","86,882","71,981","30,656",471,"16,631","87,568","84,705","67,056","72,337","79,557"
China,2023,1474114,,,,, Netherlands,"37,932","82,964","68,448","31,070",466,"14,486","82,110","81,651","75,885","72,200","84,584"
China,2022,211363,,,,, Sri Lanka,"30,404","58,015","55,050","24,906",385,"8,142","26,058","28,376","43,738","33,340","51,337"
China,2021,7701,,,,, Italy,"28,915","69,781","48,440","18,866",300,"8,971","54,710","52,055","44,638","42,747","51,946"
China,2020,405149,,,,, Spain,"26,882","60,527","40,762","20,474",147,"6,367","43,616","42,267","35,149","28,018","36,692"
China,2019,3114257,,,,, Cambodia,"26,581","63,964","72,627","39,823",250,"16,548","97,097","90,113","42,004","61,844","75,059"
China,2018,2944133,,,,, Poland,"24,513","36,821","21,472","8,472",161,"7,539","27,033","24,364","20,067","19,768","19,920"
China,2017,2281666,,,,, New Zealand,"23,854","47,961","42,955","18,238",196,"8,794","50,140","50,698","55,923","53,352","60,846"
China,2016,2124942,,,,, Saudi Arabia,"22,929","62,764","51,375","35,980",687,"23,390","121,444","112,263","100,549","123,878","99,754"
China,2015,1677163,,,,, Kazakhstan,"17,935","30,730","8,298","2,836",141,"6,065","18,138","13,861","12,577","10,717","15,410"
Thailand,2025,875190,,,,, Turkey,"15,576","23,986","17,275","7,169",286,"3,152","15,290","15,406","14,594","13,029","15,395"
Thailand,2024,1639211,,,,,  Switzerland,"15,372","28,035","23,312","10,486",197,"5,263","25,659","25,680","20,775","26,628","28,141"
Thailand,2023,1551282,,,,, Sweden,"11,902","21,242","18,006","8,083",253,"9,292","29,592","32,665","34,304","32,861","35,586"
Thailand,2022,715528,,,,, Ireland,"11,858","21,170","18,127","8,739",137,"3,735","25,659","19,687","20,854","18,208","22,746"
Thailand,2021,59607,,,,, Laos,"11,581","18,886","16,781","7,010",425,"5,424","26,955","23,782","39,460","31,061","24,448"
Thailand,2020,394413,,,,, Belgium,"11,510","25,234","17,726","7,543",122,"3,734","22,082","20,624","17,327","14,283","18,789"
Thailand,2019,1884306,,,,, Egypt,"11,262","22,859","20,783","11,117",652,"6,204","29,831","27,909","23,760","30,231","25,637"
Thailand,2018,1914692,,,,, Iran,"10,982","24,710","19,908","7,570",314,"7,078","46,559","67,094","59,023","47,102","65,066"
Thailand,2017,1836522,,,,,   Nepal,"10,642","20,091","18,488","11,379",198,"5,067","20,437","19,914","20,553","60,476","93,159"
Thailand,2016,1780800,,,,, Denmark,"10,248","19,242","16,053","7,717",214,"6,061","22,314","23,566","23,219","21,612","24,113"
Thailand,2015,1343569,,,,, Iraq,"8,699","18,884","12,562","6,008",452,"3,628","21,421","22,291","18,555","22,533","20,098"
India,2025,638456,,,,, South Africa,"7,643","16,979","15,155","7,937",168,"3,876","22,674","21,977","21,560","20,053","20,625"
India,2024,1133331,,,,, Ukraine,"7,294","13,511","11,129","4,381",298,"6,326","16,019","14,529","13,068","12,971","10,672"
India,2023,671846,,,,, Norway,"6,801","13,250","9,981","4,960",136,"3,552","14,585","15,202","14,121","14,709","18,622"
India,2022,324548,,,,, United Arab Emirates,"2,832","6,836","7,877","3,230",86,679,"11,174","9,386","8,555","14,150","15,769"
India,2021,3916,,,,,,,,,,,,,,,,
India,2020,155883,,,,,,,,,,,,,,,,
India,2019,735309,,,,,,,,,,,,,,,,
India,2018,600311,,,,,,,,,,,,,,,,
India,2017,552739,,,,,,,,,,,,,,,,
India,2016,638578,,,,,,,,,,,,,,,,
India,2015,722141,,,,,,,,,,,,,,,,
Brunei Darussalam,2025,490197,,,,,,,,,,,,,,,,
Brunei Darussalam,2024,1142134,,,,,,,,,,,,,,,,
Brunei Darussalam,2023,811833,,,,,,,,,,,,,,,,
Brunei Darussalam,2022,301757,,,,,,,,,,,,,,,,
Brunei Darussalam,2021,773,,,,,,,,,,,,,,,,
Brunei Darussalam,2020,136020,,,,,,,,,,,,,,,,
Brunei Darussalam,2019,1216123,,,,,,,,,,,,,,,,
Brunei Darussalam,2018,1382031,,,,,,,,,,,,,,,,
Brunei Darussalam,2017,1660506,,,,,,,,,,,,,,,,
Brunei Darussalam,2016,1391016,,,,,,,,,,,,,,,,
Brunei Darussalam,2015,1133555,,,,,,,,,,,,,,,,
"Korea, Republic of",2025,230503,,,,,,,,,,,,,,,,
"Korea, Republic of",2024,475815,,,,,,,,,,,,,,,,
"Korea, Republic of",2023,400853,,,,,,,,,,,,,,,,
"Korea, Republic of",2022,146384,,,,,,,,,,,,,,,,
"Korea, Republic of",2021,3028,,,,,,,,,,,,,,,,
"Korea, Republic of",2020,119750,,,,,,,,,,,,,,,,
"Korea, Republic of",2019,673065,,,,,,,,,,,,,,,,
"Korea, Republic of",2018,616783,,,,,,,,,,,,,,,,
"Korea, Republic of",2017,484528,,,,,,,,,,,,,,,,
"Korea, Republic of",2016,444439,,,,,,,,,,,,,,,,
"Korea, Republic of",2015,421161,,,,,,,,,,,,,,,,
Philippines,2025,196921,,,,,,,,,,,,,,,,
Philippines,2024,400912,,,,,,,,,,,,,,,,
Philippines,2023,339282,,,,,,,,,,,,,,,,
Philippines,2022,159442,,,,,,,,,,,,,,,,
Philippines,2021,2317,,,,,,,,,,,,,,,,
Philippines,2020,66051,,,,,,,,,,,,,,,,
Philippines,2019,421908,,,,,,,,,,,,,,,,
Philippines,2018,396062,,,,,,,,,,,,,,,,
Philippines,2017,370559,,,,,,,,,,,,,,,,
Philippines,2016,417446,,,,,,,,,,,,,,,,
Philippines,2015,554917,,,,,,,,,,,,,,,,
Taiwan,2025,196724,,,,,,,,,,,,,,,,
Taiwan,2024,385415,,,,,,,,,,,,,,,,
Taiwan,2023,283380,,,,,,,,,,,,,,,,
Taiwan,2022,48132,,,,,,,,,,,,,,,,
Taiwan,2021,563,,,,,,,,,,,,,,,,
Taiwan,2020,60090,,,,,,,,,,,,,,,,
Taiwan,2019,382916,,,,,,,,,,,,,,,,
Taiwan,2018,383922,,,,,,,,,,,,,,,,
Taiwan,2017,332927,,,,,,,,,,,,,,,,
Taiwan,2016,300861,,,,,,,,,,,,,,,,
Taiwan,2015,283224,,,,,,,,,,,,,,,,
Australia,2025,196458,,,,,,,,,,,,,,,,
Australia,2024,382628,,,,,,,,,,,,,,,,
Australia,2023,343438,,,,,,,,,,,,,,,,
Australia,2022,152265,,,,,,,,,,,,,,,,
Australia,2021,1321,,,,,,,,,,,,,,,,
Australia,2020,72680,,,,,,,,,,,,,,,,
Australia,2019,368271,,,,,,,,,,,,,,,,
Australia,2018,351500,,,,,,,,,,,,,,,,
Australia,2017,351232,,,,,,,,,,,,,,,,
Australia,2016,377727,,,,,,,,,,,,,,,,
Australia,2015,486948,,,,,,,,,,,,,,,,
United Kingdom,2025,188542,,,,,,,,,,,,,,,,
United Kingdom,2024,345438,,,,,,,,,,,,,,,,
United Kingdom,2023,272297,,,,,,,,,,,,,,,,
United Kingdom,2022,134667,,,,,,,,,,,,,,,,
United Kingdom,2021,2676,,,,,,,,,,,,,,,,
United Kingdom,2020,63868,,,,,,,,,,,,,,,,
United Kingdom,2019,346485,,,,,,,,,,,,,,,,
United Kingdom,2018,361335,,,,,,,,,,,,,,,,
United Kingdom,2017,358818,,,,,,,,,,,,,,,,
United Kingdom,2016,400269,,,,,,,,,,,,,,,,
United Kingdom,2015,401019,,,,,,,,,,,,,,,,
Japan,2025,154002,,,,,,,,,,,,,,,,
Japan,2024,307883,,,,,,,,,,,,,,,,
Japan,2023,229892,,,,,,,,,,,,,,,,
Japan,2022,83309,,,,,,,,,,,,,,,,
Japan,2021,3114,,,,,,,,,,,,,,,,
Japan,2020,74383,,,,,,,,,,,,,,,,
Japan,2019,424694,,,,,,,,,,,,,,,,
Japan,2018,394540,,,,,,,,,,,,,,,,
Japan,2017,392777,,,,,,,,,,,,,,,,
Japan,2016,413768,,,,,,,,,,,,,,,,
Japan,2015,483569,,,,,,,,,,,,,,,,
Vietnam,2025,146139,,,,,,,,,,,,,,,,
Vietnam,2024,330189,,,,,,,,,,,,,,,,
Vietnam,2023,344361,,,,,,,,,,,,,,,,
Vietnam,2022,173763,,,,,,,,,,,,,,,,
Vietnam,2021,583,,,,,,,,,,,,,,,,
Vietnam,2020,64184,,,,,,,,,,,,,,,,
Vietnam,2019,400346,,,,,,,,,,,,,,,,
Vietnam,2018,375578,,,,,,,,,,,,,,,,
Vietnam,2017,248927,,,,,,,,,,,,,,,,
Vietnam,2016,216877,,,,,,,,,,,,,,,,
Vietnam,2015,229926,,,,,,,,,,,,,,,,
United States of America,2025,144979,,,,,,,,,,,,,,,,
United States of America,2024,271809,,,,,,,,,,,,,,,,
United States of America,2023,229476,,,,,,,,,,,,,,,,
United States of America,2022,108141,,,,,,,,,,,,,,,,
United States of America,2021,2030,,,,,,,,,,,,,,,,
United States of America,2020,48810,,,,,,,,,,,,,,,,
United States of America,2019,269928,,,,,,,,,,,,,,,,
United States of America,2018,253384,,,,,,,,,,,,,,,,
United States of America,2017,198203,,,,,,,,,,,,,,,,
United States of America,2016,217075,,,,,,,,,,,,,,,,
United States of America,2015,237768,,,,,,,,,,,,,,,,
Bangladesh,2025,135310,,,,,,,,,,,,,,,,
Bangladesh,2024,143919,,,,,,,,,,,,,,,,
Bangladesh,2023,142748,,,,,,,,,,,,,,,,
Bangladesh,2022,59033,,,,,,,,,,,,,,,,
Bangladesh,2021,1509,,,,,,,,,,,,,,,,
Bangladesh,2020,17634,,,,,,,,,,,,,,,,
Bangladesh,2019,179000,,,,,,,,,,,,,,,,
Bangladesh,2018,150053,,,,,,,,,,,,,,,,
Bangladesh,2017,111836,,,,,,,,,,,,,,,,
Bangladesh,2016,114607,,,,,,,,,,,,,,,,
Bangladesh,2015,147152,,,,,,,,,,,,,,,,
France,2025,93676,,,,,,,,,,,,,,,,
France,2024,160637,,,,,,,,,,,,,,,,
France,2023,115145,,,,,,,,,,,,,,,,
France,2022,55087,,,,,,,,,,,,,,,,
France,2021,843,,,,,,,,,,,,,,,,
France,2020,28237,,,,,,,,,,,,,,,,
France,2019,141661,,,,,,,,,,,,,,,,
France,2018,139408,,,,,,,,,,,,,,,,
France,2017,131668,,,,,,,,,,,,,,,,
France,2016,134257,,,,,,,,,,,,,,,,
France,2015,151474,,,,,,,,,,,,,,,,
Germany,2025,89890,,,,,,,,,,,,,,,,
Germany,2024,155848,,,,,,,,,,,,,,,,
Germany,2023,125987,,,,,,,,,,,,,,,,
Germany,2022,57780,,,,,,,,,,,,,,,,
Germany,2021,824,,,,,,,,,,,,,,,,
Germany,2020,27458,,,,,,,,,,,,,,,,
Germany,2019,130221,,,,,,,,,,,,,,,,
Germany,2018,128895,,,,,,,,,,,,,,,,
Germany,2017,109816,,,,,,,,,,,,,,,,
Germany,2016,130276,,,,,,,,,,,,,,,,
Germany,2015,144910,,,,,,,,,,,,,,,,
Myanmar,2025,75219,,,,,,,,,,,,,,,,
Myanmar,2024,114551,,,,,,,,,,,,,,,,
Myanmar,2023,86298,,,,,,,,,,,,,,,,
Myanmar,2022,36765,,,,,,,,,,,,,,,,
Myanmar,2021,377,,,,,,,,,,,,,,,,
Myanmar,2020,9745,,,,,,,,,,,,,,,,
Myanmar,2019,46257,,,,,,,,,,,,,,,,
Myanmar,2018,38513,,,,,,,,,,,,,,,,
Myanmar,2017,42314,,,,,,,,,,,,,,,,
Myanmar,2016,49175,,,,,,,,,,,,,,,,
Myanmar,2015,66553,,,,,,,,,,,,,,,,
Russian Federation,2025,68118,,,,,,,,,,,,,,,,
Russian Federation,2024,112806,,,,,,,,,,,,,,,,
Russian Federation,2023,109689,,,,,,,,,,,,,,,,
Russian Federation,2022,33003,,,,,,,,,,,,,,,,
Russian Federation,2021,399,,,,,,,,,,,,,,,,
Russian Federation,2020,28694,,,,,,,,,,,,,,,,
Russian Federation,2019,79984,,,,,,,,,,,,,,,,
Russian Federation,2018,72785,,,,,,,,,,,,,,,,
Russian Federation,2017,67564,,,,,,,,,,,,,,,,
Russian Federation,2016,50893,,,,,,,,,,,,,,,,
Russian Federation,2015,55263,,,,,,,,,,,,,,,,
Pakistan,2025,61015,,,,,,,,,,,,,,,,
Pakistan,2024,102570,,,,,,,,,,,,,,,,
Pakistan,2023,107657,,,,,,,,,,,,,,,,
Pakistan,2022,60535,,,,,,,,,,,,,,,,
Pakistan,2021,2043,,,,,,,,,,,,,,,,
Pakistan,2020,17777,,,,,,,,,,,,,,,,
Pakistan,2019,105757,,,,,,,,,,,,,,,,
Pakistan,2018,74458,,,,,,,,,,,,,,,,
Pakistan,2017,53453,,,,,,,,,,,,,,,,
Pakistan,2016,58388,,,,,,,,,,,,,,,,
Pakistan,2015,69112,,,,,,,,,,,,,,,,
Canada,2025,49006,,,,,,,,,,,,,,,,
Canada,2024,86882,,,,,,,,,,,,,,,,
Canada,2023,71981,,,,,,,,,,,,,,,,
Canada,2022,30656,,,,,,,,,,,,,,,,
Canada,2021,471,,,,,,,,,,,,,,,,
Canada,2020,16631,,,,,,,,,,,,,,,,
Canada,2019,87568,,,,,,,,,,,,,,,,
Canada,2018,84705,,,,,,,,,,,,,,,,
Canada,2017,67056,,,,,,,,,,,,,,,,
Canada,2016,72337,,,,,,,,,,,,,,,,
Canada,2015,79557,,,,,,,,,,,,,,,,
Netherlands,2025,37932,,,,,,,,,,,,,,,,
Netherlands,2024,82964,,,,,,,,,,,,,,,,
Netherlands,2023,68448,,,,,,,,,,,,,,,,
Netherlands,2022,31070,,,,,,,,,,,,,,,,
Netherlands,2021,466,,,,,,,,,,,,,,,,
Netherlands,2020,14486,,,,,,,,,,,,,,,,
Netherlands,2019,82110,,,,,,,,,,,,,,,,
Netherlands,2018,81651,,,,,,,,,,,,,,,,
Netherlands,2017,75885,,,,,,,,,,,,,,,,
Netherlands,2016,72200,,,,,,,,,,,,,,,,
Netherlands,2015,84584,,,,,,,,,,,,,,,,
Sri Lanka,2025,30404,,,,,,,,,,,,,,,,
Sri Lanka,2024,58015,,,,,,,,,,,,,,,,
Sri Lanka,2023,55050,,,,,,,,,,,,,,,,
Sri Lanka,2022,24906,,,,,,,,,,,,,,,,
Sri Lanka,2021,385,,,,,,,,,,,,,,,,
Sri Lanka,2020,8142,,,,,,,,,,,,,,,,
Sri Lanka,2019,26058,,,,,,,,,,,,,,,,
Sri Lanka,2018,28376,,,,,,,,,,,,,,,,
Sri Lanka,2017,43738,,,,,,,,,,,,,,,,
Sri Lanka,2016,33340,,,,,,,,,,,,,,,,
Sri Lanka,2015,51337,,,,,,,,,,,,,,,,
Italy,2025,28915,,,,,,,,,,,,,,,,
Italy,2024,69781,,,,,,,,,,,,,,,,
Italy,2023,48440,,,,,,,,,,,,,,,,
Italy,2022,18866,,,,,,,,,,,,,,,,
Italy,2021,300,,,,,,,,,,,,,,,,
Italy,2020,8971,,,,,,,,,,,,,,,,
Italy,2019,54710,,,,,,,,,,,,,,,,
Italy,2018,52055,,,,,,,,,,,,,,,,
Italy,2017,44638,,,,,,,,,,,,,,,,
Italy,2016,42747,,,,,,,,,,,,,,,,
Italy,2015,51946,,,,,,,,,,,,,,,,
Spain,2025,26882,,,,,,,,,,,,,,,,
Spain,2024,60527,,,,,,,,,,,,,,,,
Spain,2023,40762,,,,,,,,,,,,,,,,
Spain,2022,20474,,,,,,,,,,,,,,,,
Spain,2021,147,,,,,,,,,,,,,,,,
Spain,2020,6367,,,,,,,,,,,,,,,,
Spain,2019,43616,,,,,,,,,,,,,,,,
Spain,2018,42267,,,,,,,,,,,,,,,,
Spain,2017,35149,,,,,,,,,,,,,,,,
Spain,2016,28018,,,,,,,,,,,,,,,,
Spain,2015,36692,,,,,,,,,,,,,,,,
Cambodia,2025,26581,,,,,,,,,,,,,,,,
Cambodia,2024,63964,,,,,,,,,,,,,,,,
Cambodia,2023,72627,,,,,,,,,,,,,,,,
Cambodia,2022,39823,,,,,,,,,,,,,,,,
Cambodia,2021,250,,,,,,,,,,,,,,,,
Cambodia,2020,16548,,,,,,,,,,,,,,,,
Cambodia,2019,97097,,,,,,,,,,,,,,,,
Cambodia,2018,90113,,,,,,,,,,,,,,,,
Cambodia,2017,42004,,,,,,,,,,,,,,,,
Cambodia,2016,61844,,,,,,,,,,,,,,,,
Cambodia,2015,75059,,,,,,,,,,,,,,,,
Poland,2025,24513,,,,,,,,,,,,,,,,
Poland,2024,36821,,,,,,,,,,,,,,,,
Poland,2023,21472,,,,,,,,,,,,,,,,
Poland,2022,8472,,,,,,,,,,,,,,,,
Poland,2021,161,,,,,,,,,,,,,,,,
Poland,2020,7539,,,,,,,,,,,,,,,,
Poland,2019,27033,,,,,,,,,,,,,,,,
Poland,2018,24364,,,,,,,,,,,,,,,,
Poland,2017,20067,,,,,,,,,,,,,,,,
Poland,2016,19768,,,,,,,,,,,,,,,,
Poland,2015,19920,,,,,,,,,,,,,,,,
New Zealand,2025,23854,,,,,,,,,,,,,,,,
New Zealand,2024,47961,,,,,,,,,,,,,,,,
New Zealand,2023,42955,,,,,,,,,,,,,,,,
New Zealand,2022,18238,,,,,,,,,,,,,,,,
New Zealand,2021,196,,,,,,,,,,,,,,,,
New Zealand,2020,8794,,,,,,,,,,,,,,,,
New Zealand,2019,50140,,,,,,,,,,,,,,,,
New Zealand,2018,50698,,,,,,,,,,,,,,,,
New Zealand,2017,55923,,,,,,,,,,,,,,,,
New Zealand,2016,53352,,,,,,,,,,,,,,,,
New Zealand,2015,60846,,,,,,,,,,,,,,,,
Saudi Arabia,2025,22929,,,,,,,,,,,,,,,,
Saudi Arabia,2024,62764,,,,,,,,,,,,,,,,
Saudi Arabia,2023,51375,,,,,,,,,,,,,,,,
Saudi Arabia,2022,35980,,,,,,,,,,,,,,,,
Saudi Arabia,2021,687,,,,,,,,,,,,,,,,
Saudi Arabia,2020,23390,,,,,,,,,,,,,,,,
Saudi Arabia,2019,121444,,,,,,,,,,,,,,,,
Saudi Arabia,2018,112263,,,,,,,,,,,,,,,,
Saudi Arabia,2017,100549,,,,,,,,,,,,,,,,
Saudi Arabia,2016,123878,,,,,,,,,,,,,,,,
Saudi Arabia,2015,99754,,,,,,,,,,,,,,,,
Kazakhstan,2025,17935,,,,,,,,,,,,,,,,
Kazakhstan,2024,30730,,,,,,,,,,,,,,,,
Kazakhstan,2023,8298,,,,,,,,,,,,,,,,
Kazakhstan,2022,2836,,,,,,,,,,,,,,,,
Kazakhstan,2021,141,,,,,,,,,,,,,,,,
Kazakhstan,2020,6065,,,,,,,,,,,,,,,,
Kazakhstan,2019,18138,,,,,,,,,,,,,,,,
Kazakhstan,2018,13861,,,,,,,,,,,,,,,,
Kazakhstan,2017,12577,,,,,,,,,,,,,,,,
Kazakhstan,2016,10717,,,,,,,,,,,,,,,,
Kazakhstan,2015,15410,,,,,,,,,,,,,,,,
Turkey,2025,15576,,,,,,,,,,,,,,,,
Turkey,2024,23986,,,,,,,,,,,,,,,,
Turkey,2023,17275,,,,,,,,,,,,,,,,
Turkey,2022,7169,,,,,,,,,,,,,,,,
Turkey,2021,286,,,,,,,,,,,,,,,,
Turkey,2020,3152,,,,,,,,,,,,,,,,
Turkey,2019,15290,,,,,,,,,,,,,,,,
Turkey,2018,15406,,,,,,,,,,,,,,,,
Turkey,2017,14594,,,,,,,,,,,,,,,,
Turkey,2016,13029,,,,,,,,,,,,,,,,
Turkey,2015,15395,,,,,,,,,,,,,,,,
Switzerland,2025,15372,,,,,,,,,,,,,,,,
Switzerland,2024,28035,,,,,,,,,,,,,,,,
Switzerland,2023,23312,,,,,,,,,,,,,,,,
Switzerland,2022,10486,,,,,,,,,,,,,,,,
Switzerland,2021,197,,,,,,,,,,,,,,,,
Switzerland,2020,5263,,,,,,,,,,,,,,,,
Switzerland,2019,25659,,,,,,,,,,,,,,,,
Switzerland,2018,25680,,,,,,,,,,,,,,,,
Switzerland,2017,20775,,,,,,,,,,,,,,,,
Switzerland,2016,26628,,,,,,,,,,,,,,,,
Switzerland,2015,28141,,,,,,,,,,,,,,,,
Sweden,2025,11902,,,,,,,,,,,,,,,,
Sweden,2024,21242,,,,,,,,,,,,,,,,
Sweden,2023,18006,,,,,,,,,,,,,,,,
Sweden,2022,8083,,,,,,,,,,,,,,,,
Sweden,2021,253,,,,,,,,,,,,,,,,
Sweden,2020,9292,,,,,,,,,,,,,,,,
Sweden,2019,29592,,,,,,,,,,,,,,,,
Sweden,2018,32665,,,,,,,,,,,,,,,,
Sweden,2017,34304,,,,,,,,,,,,,,,,
Sweden,2016,32861,,,,,,,,,,,,,,,,
Sweden,2015,35586,,,,,,,,,,,,,,,,
Ireland,2025,11858,,,,,,,,,,,,,,,,
Ireland,2024,21170,,,,,,,,,,,,,,,,
Ireland,2023,18127,,,,,,,,,,,,,,,,
Ireland,2022,8739,,,,,,,,,,,,,,,,
Ireland,2021,137,,,,,,,,,,,,,,,,
Ireland,2020,3735,,,,,,,,,,,,,,,,
Ireland,2019,25659,,,,,,,,,,,,,,,,
Ireland,2018,19687,,,,,,,,,,,,,,,,
Ireland,2017,20854,,,,,,,,,,,,,,,,
Ireland,2016,18208,,,,,,,,,,,,,,,,
Ireland,2015,22746,,,,,,,,,,,,,,,,
Lao People’s Democratic Republic,2025,11581,,,,,,,,,,,,,,,,
Lao People’s Democratic Republic,2024,18886,,,,,,,,,,,,,,,,
Lao People’s Democratic Republic,2023,16781,,,,,,,,,,,,,,,,
Lao People’s Democratic Republic,2022,7010,,,,,,,,,,,,,,,,
Lao People’s Democratic Republic,2021,425,,,,,,,,,,,,,,,,
Lao People’s Democratic Republic,2020,5424,,,,,,,,,,,,,,,,
Lao People’s Democratic Republic,2019,26955,,,,,,,,,,,,,,,,
Lao People’s Democratic Republic,2018,23782,,,,,,,,,,,,,,,,
Lao People’s Democratic Republic,2017,39460,,,,,,,,,,,,,,,,
Lao People’s Democratic Republic,2016,31061,,,,,,,,,,,,,,,,
Lao People’s Democratic Republic,2015,24448,,,,,,,,,,,,,,,,
Belgium,2025,11510,,,,,,,,,,,,,,,,
Belgium,2024,25234,,,,,,,,,,,,,,,,
Belgium,2023,17726,,,,,,,,,,,,,,,,
Belgium,2022,7543,,,,,,,,,,,,,,,,
Belgium,2021,122,,,,,,,,,,,,,,,,
Belgium,2020,3734,,,,,,,,,,,,,,,,
Belgium,2019,22082,,,,,,,,,,,,,,,,
Belgium,2018,20624,,,,,,,,,,,,,,,,
Belgium,2017,17327,,,,,,,,,,,,,,,,
Belgium,2016,14283,,,,,,,,,,,,,,,,
Belgium,2015,18789,,,,,,,,,,,,,,,,
Egypt,2025,11262,,,,,,,,,,,,,,,,
Egypt,2024,22859,,,,,,,,,,,,,,,,
Egypt,2023,20783,,,,,,,,,,,,,,,,
Egypt,2022,11117,,,,,,,,,,,,,,,,
Egypt,2021,652,,,,,,,,,,,,,,,,
Egypt,2020,6204,,,,,,,,,,,,,,,,
Egypt,2019,29831,,,,,,,,,,,,,,,,
Egypt,2018,27909,,,,,,,,,,,,,,,,
Egypt,2017,23760,,,,,,,,,,,,,,,,
Egypt,2016,30231,,,,,,,,,,,,,,,,
Egypt,2015,25637,,,,,,,,,,,,,,,,
Iran (Islamic Republic of),2025,10982,,,,,,,,,,,,,,,,
Iran (Islamic Republic of),2024,24710,,,,,,,,,,,,,,,,
Iran (Islamic Republic of),2023,19908,,,,,,,,,,,,,,,,
Iran (Islamic Republic of),2022,7570,,,,,,,,,,,,,,,,
Iran (Islamic Republic of),2021,314,,,,,,,,,,,,,,,,
Iran (Islamic Republic of),2020,7078,,,,,,,,,,,,,,,,
Iran (Islamic Republic of),2019,46559,,,,,,,,,,,,,,,,
Iran (Islamic Republic of),2018,67094,,,,,,,,,,,,,,,,
Iran (Islamic Republic of),2017,59023,,,,,,,,,,,,,,,,
Iran (Islamic Republic of),2016,47102,,,,,,,,,,,,,,,,
Iran (Islamic Republic of),2015,65066,,,,,,,,,,,,,,,,
South Africa,2025,10642,,,,,,,,,,,,,,,,
South Africa,2024,20091,,,,,,,,,,,,,,,,
South Africa,2023,18488,,,,,,,,,,,,,,,,
South Africa,2022,11379,,,,,,,,,,,,,,,,
South Africa,2021,198,,,,,,,,,,,,,,,,
South Africa,2020,5067,,,,,,,,,,,,,,,,
South Africa,2019,20437,,,,,,,,,,,,,,,,
South Africa,2018,19914,,,,,,,,,,,,,,,,
South Africa,2017,20553,,,,,,,,,,,,,,,,
South Africa,2016,60476,,,,,,,,,,,,,,,,
South Africa,2015,93159,,,,,,,,,,,,,,,,
Ukraine,2025,7294,,,,,,,,,,,,,,,,
Ukraine,2024,13511,,,,,,,,,,,,,,,,
Ukraine,2023,11129,,,,,,,,,,,,,,,,
Ukraine,2022,4381,,,,,,,,,,,,,,,,
Ukraine,2021,298,,,,,,,,,,,,,,,,
Ukraine,2020,6326,,,,,,,,,,,,,,,,
Ukraine,2019,16019,,,,,,,,,,,,,,,,
Ukraine,2018,14529,,,,,,,,,,,,,,,,
Ukraine,2017,13068,,,,,,,,,,,,,,,,
Ukraine,2016,12971,,,,,,,,,,,,,,,,
Ukraine,2015,10672,,,,,,,,,,,,,,,,
Norway,2025,6801,,,,,,,,,,,,,,,,
Norway,2024,13250,,,,,,,,,,,,,,,,
Norway,2023,9981,,,,,,,,,,,,,,,,
Norway,2022,4960,,,,,,,,,,,,,,,,
Norway,2021,136,,,,,,,,,,,,,,,,
Norway,2020,3552,,,,,,,,,,,,,,,,
Norway,2019,14585,,,,,,,,,,,,,,,,
Norway,2018,15202,,,,,,,,,,,,,,,,
Norway,2017,14121,,,,,,,,,,,,,,,,
Norway,2016,14709,,,,,,,,,,,,,,,,
Norway,2015,18622,,,,,,,,,,,,,,,,
United Arab Emirates,2025,2832,,,,,,,,,,,,,,,,
United Arab Emirates,2024,6836,,,,,,,,,,,,,,,,
United Arab Emirates,2023,7877,,,,,,,,,,,,,,,,
United Arab Emirates,2022,3230,,,,,,,,,,,,,,,,
United Arab Emirates,2021,86,,,,,,,,,,,,,,,,
United Arab Emirates,2020,679,,,,,,,,,,,,,,,,
United Arab Emirates,2019,11174,,,,,,,,,,,,,,,,
United Arab Emirates,2018,9386,,,,,,,,,,,,,,,,
United Arab Emirates,2017,8555,,,,,,,,,,,,,,,,
United Arab Emirates,2016,14150,,,,,,,,,,,,,,,,
United Arab Emirates,2015,15769,,,,,,,,,,,,,,,,
